movie,director,relation
无双 無雙,庄文强,DirectBy
肖申克的救赎 The Shawshank Redemption,弗兰克·德拉邦特,DirectBy
知否知否应是绿肥红瘦,张开宙,DirectBy
我不是药神,文牧野,DirectBy
新喜剧之王,周星驰,DirectBy
无名之辈,饶晓志,DirectBy
来电狂响,于淼,DirectBy
谁先爱上他的 誰先愛上他的,徐誉庭,DirectBy
谁先爱上他的 誰先愛上他的,许智彦,DirectBy
这个杀手不太冷 Léon,吕克·贝松,DirectBy
小偷家族 万引き家族,是枝裕和,DirectBy
绿皮书 Green Book,彼得·法雷里,DirectBy
摔跤吧！爸爸 Dangal,涅提·蒂瓦里,DirectBy
一出好戏,黄渤,DirectBy
霸王别姬,陈凯歌,DirectBy
你的名字。 君の名は。,新海诚,DirectBy
盗梦空间 Inception,克里斯托弗·诺兰,DirectBy
大江大河,孔笙,DirectBy
大江大河,黄伟,DirectBy
星际穿越 Interstellar,克里斯托弗·诺兰,DirectBy
网络谜踪 Searching,阿尼什·查甘蒂,DirectBy
阿甘正传 Forrest Gump,罗伯特·泽米吉斯,DirectBy
三傻大闹宝莱坞 3 Idiots,拉吉库马尔·希拉尼,DirectBy
千与千寻 千と千尋の神隠し,宫崎骏,DirectBy
地球最后的夜晚,毕赣,DirectBy
邪不压正,姜文,DirectBy
放牛班的春天 Les choristes,克里斯托夫·巴拉蒂,DirectBy
泰坦尼克号 Titanic,詹姆斯·卡梅隆,DirectBy
倩女幽魂,程小东,DirectBy
怦然心动 Flipped,罗伯·莱纳,DirectBy
王国 第一季 킹덤 Season 1,金成勋,DirectBy
让子弹飞,姜文,DirectBy
楚门的世界 The Truman Show,彼得·威尔,DirectBy
狗十三,曹保平,DirectBy
忠犬八公的故事 Hachi: A Dog's Tale,拉斯·霍尔斯道姆,DirectBy
影,张艺谋,DirectBy
波西米亚狂想曲 Bohemian Rhapsody,布莱恩·辛格,DirectBy
无问西东,李芳芳,DirectBy
少年派的奇幻漂流 Life of Pi,李安,DirectBy
初恋这件小事 สิ่งเล็กเล็กที่เรียกว่า...รัก,普特鹏·普罗萨卡·那·萨克那卡林,DirectBy
初恋这件小事 สิ่งเล็กเล็กที่เรียกว่า...รัก,华森·波克彭,DirectBy
七月与安生,曾国祥,DirectBy
海上钢琴师 La leggenda del pianista sull'oceano,朱塞佩·托纳多雷,DirectBy
飞屋环游记 Up,彼特·道格特,DirectBy
飞屋环游记 Up,鲍勃·彼德森,DirectBy
狮子王 The Lion King,罗杰·阿勒斯,DirectBy
狮子王 The Lion King,罗伯·明可夫,DirectBy
看不见的客人 Contratiempo,奥里奥尔·保罗,DirectBy
无间道 無間道,刘伟强,DirectBy
无间道 無間道,麦兆辉,DirectBy
动物世界,韩延,DirectBy
V字仇杀队 V for Vendetta,詹姆斯·麦克特格,DirectBy
血战钢锯岭 Hacksaw Ridge,梅尔·吉布森,DirectBy
芳华,冯小刚,DirectBy
罗马假日 Roman Holiday,威廉·惠勒,DirectBy
美丽人生 La vita è bella,罗伯托·贝尼尼,DirectBy
了不起的麦瑟尔夫人 第二季 The Marvelous Mrs. Maisel Season 2,埃米·谢尔曼-帕拉迪诺,DirectBy
末代皇帝 The Last Emperor,贝纳尔多·贝托鲁奇,DirectBy
天才枪手 ฉลาดเกมส์โกง,纳塔吾·彭皮里亚,DirectBy
"三块广告牌 Three Billboards Outside Ebbing, Missouri",马丁·麦克唐纳,DirectBy
性爱自修室 第一季 Sex Education Season 1,本·泰勒,DirectBy
性爱自修室 第一季 Sex Education Season 1,凯特·赫伦,DirectBy
喜剧之王 喜劇之王,周星驰,DirectBy
喜剧之王 喜劇之王,李力持,DirectBy
火星救援 The Martian,雷德利·斯科特,DirectBy
教父 The Godfather,弗朗西斯·福特·科波拉,DirectBy
驴得水,周申,DirectBy
驴得水,刘露,DirectBy
猫鼠游戏 Catch Me If You Can,史蒂文·斯皮尔伯格,DirectBy
后来的我们,刘若英,DirectBy
蝙蝠侠：黑暗骑士 The Dark Knight,克里斯托弗·诺兰,DirectBy
乘风破浪,韩寒,DirectBy
完美陌生人 Perfetti sconosciuti,保罗·格诺维塞,DirectBy
爱乐之城 La La Land,达米恩·查泽雷,DirectBy
熔炉 도가니,黄东赫,DirectBy
消失的爱人 Gone Girl,大卫·芬奇,DirectBy
妖猫传,陈凯歌,DirectBy
那些年，我们一起追的女孩 那些年，我們一起追的女孩,九把刀,DirectBy
辛德勒的名单 Schindler's List,史蒂文·斯皮尔伯格,DirectBy
剪刀手爱德华 Edward Scissorhands,蒂姆·波顿,DirectBy
蝴蝶效应 The Butterfly Effect,埃里克·布雷斯,DirectBy
蝴蝶效应 The Butterfly Effect,J·麦基·格鲁伯,DirectBy
中国合伙人,陈可辛,DirectBy
小萝莉的猴神大叔 Bajrangi Bhaijaan,卡比尔·汗,DirectBy
降临 Arrival,丹尼斯·维伦纽瓦,DirectBy
老炮儿,管虎,DirectBy
敦刻尔克 Dunkirk,克里斯托弗·诺兰,DirectBy
西西里的美丽传说 Malèna,朱塞佩·托纳多雷,DirectBy
暴裂无声,忻钰坤,DirectBy
美丽心灵 A Beautiful Mind,朗·霍华德,DirectBy
寻龙诀,乌尔善,DirectBy
秒速5厘米 秒速5センチメートル,新海诚,DirectBy
你好，之华,岩井俊二,DirectBy
找到你,吕乐,DirectBy
活着,张艺谋,DirectBy
请以你的名字呼唤我 Call Me by Your Name,卢卡·瓜达尼诺,DirectBy
恐怖直播 더 테러 라이브,金秉祐,DirectBy
宠儿 The Favourite,欧格斯·兰斯莫斯,DirectBy
哈利·波特与死亡圣器(下) Harry Potter and the Deathly Hallows: Part 2,大卫·叶茨,DirectBy
禁闭岛 Shutter Island,马丁·斯科塞斯,DirectBy
大鱼海棠,梁旋,DirectBy
大鱼海棠,张春,DirectBy
后会无期,韩寒,DirectBy
阿飞正传 阿飛正傳,王家卫,DirectBy
沉默的羔羊 The Silence of the Lambs,乔纳森·戴米,DirectBy
本杰明·巴顿奇事 The Curious Case of Benjamin Button,大卫·芬奇,DirectBy
布达佩斯大饭店 The Grand Budapest Hotel,韦斯·安德森,DirectBy
闻香识女人 Scent of a Woman,马丁·布莱斯特,DirectBy
火锅英雄,杨庆,DirectBy
金刚狼3：殊死一战 Logan,詹姆斯·曼高德,DirectBy
教父2 The Godfather: Part Ⅱ,弗朗西斯·福特·科波拉,DirectBy
触不可及 Intouchables,奥利维埃·纳卡什,DirectBy
触不可及 Intouchables,埃里克·托莱达诺,DirectBy
忠犬八公物语 ハチ公物語,神山征二郎,DirectBy
解救吾先生,丁晟,DirectBy
真爱至上 Love Actually,理查德·柯蒂斯,DirectBy
蝙蝠侠：黑暗骑士崛起 The Dark Knight Rises,克里斯托弗·诺兰,DirectBy
悲伤逆流成河,落落,DirectBy
湮灭 Annihilation,亚历克斯·嘉兰,DirectBy
萤火之森 蛍火の杜へ,大森贵弘,DirectBy
奇迹男孩 Wonder,斯蒂芬·卓博斯基,DirectBy
情书 Love Letter,岩井俊二,DirectBy
神奇动物在哪里 Fantastic Beasts and Where to Find Them,大卫·叶茨,DirectBy
惊天魔盗团 Now You See Me,路易斯·莱特里尔,DirectBy
神秘巨星 Secret Superstar,阿德瓦·香登,DirectBy
天下无贼,冯小刚,DirectBy
宝贝计划 寶貝計劃,陈木胜,DirectBy
烈日灼心,曹保平,DirectBy
养家之人 The Breadwinner,诺拉·托梅,DirectBy
记忆大师,陈正道,DirectBy
鬼子来了,姜文,DirectBy
国王的演讲 The King's Speech,汤姆·霍珀,DirectBy
指环王3：王者无敌 The Lord of the Rings: The Return of the King,彼得·杰克逊,DirectBy
叶问外传：张天志 葉問外傳：張天志,袁和平,DirectBy
拯救大兵瑞恩 Saving Private Ryan,史蒂文·斯皮尔伯格,DirectBy
指环王2：双塔奇兵 The Lord of the Rings: The Two Towers,彼得·杰克逊,DirectBy
纵横四海 緃横四海,吴宇森,DirectBy
恐怖游轮 Triangle,克里斯托弗·史密斯,DirectBy
失恋33天,滕华涛,DirectBy
低俗小说 Pulp Fiction,昆汀·塔伦蒂诺,DirectBy
催眠大师,陈正道,DirectBy
暮光之城 Twilight,凯瑟琳·哈德威克,DirectBy
七宗罪 Se7en,大卫·芬奇,DirectBy
绣春刀II：修罗战场,路阳,DirectBy
黑天鹅 Black Swan,达伦·阿伦诺夫斯基,DirectBy
惊天魔盗团2 Now You See Me 2,朱浩伟,DirectBy
致命魔术 The Prestige,克里斯托弗·诺兰,DirectBy
我的野蛮女友 엽기적인 그녀,郭在容,DirectBy
傲慢与偏见 Pride & Prejudice,乔·赖特,DirectBy
金陵十三钗,张艺谋,DirectBy
廉政风云 廉政風雲 煙幕,麦兆辉,DirectBy
搏击俱乐部 Fight Club,大卫·芬奇,DirectBy
窃听风暴 Das Leben der Anderen,弗洛里安·亨克尔·冯·多纳斯马尔克,DirectBy
水形物语 The Shape of Water,吉尔莫·德尔·托罗,DirectBy
菊次郎的夏天 菊次郎の夏,北野武,DirectBy
记忆碎片 Memento,克里斯托弗·诺兰,DirectBy
小时代,郭敬明,DirectBy
心迷宫,忻钰坤,DirectBy
哈利·波特与阿兹卡班的囚徒 Harry Potter and the Prisoner of Azkaban,阿方索·卡隆,DirectBy
素媛 소원,李濬益,DirectBy
唐山大地震,冯小刚,DirectBy
同桌的妳,郭帆,DirectBy
音乐之声 The Sound of Music,罗伯特·怀斯,DirectBy
教父3 The Godfather: Part III,弗朗西斯·福特·科波拉,DirectBy
银翼杀手2049 Blade Runner 2049,丹尼斯·维伦纽瓦,DirectBy
致命ID Identity,詹姆斯·曼高德,DirectBy
重庆森林 重慶森林,王家卫,DirectBy
垫底辣妹 ビリギャル,土井裕泰,DirectBy
非自然死亡 アンナチュラル,冢原亚由子,DirectBy
非自然死亡 アンナチュラル,竹村谦太郎,DirectBy
非自然死亡 アンナチュラル,村尾嘉昭,DirectBy
哈利·波特与死亡圣器(上) Harry Potter and the Deathly Hallows: Part 1,大卫·叶茨,DirectBy
嫌疑人X的献身,苏有朋,DirectBy
绣春刀,路阳,DirectBy
乱世佳人 Gone with the Wind,维克多·弗莱明,DirectBy
乱世佳人 Gone with the Wind,乔治·库克,DirectBy
乱世佳人 Gone with the Wind,山姆·伍德,DirectBy
一条狗的使命 A Dog's Purpose,拉斯·霍尔斯道姆,DirectBy
被嫌弃的松子的一生 嫌われ松子の一生,中岛哲也,DirectBy
画皮 畫皮,陈嘉上,DirectBy
画皮 畫皮,钱永强,DirectBy
恋恋笔记本 The Notebook,尼克·卡萨维茨,DirectBy
死亡诗社 Dead Poets Society,彼得·威尔,DirectBy
哈利·波特与混血王子 Harry Potter and the Half-Blood Prince,大卫·叶茨,DirectBy
猩球崛起 Rise of the Planet of the Apes,鲁伯特·瓦耶特,DirectBy
达拉斯买家俱乐部 Dallas Buyers Club,让-马克·瓦雷,DirectBy
亲爱的,陈可辛,DirectBy
卧虎藏龙 臥虎藏龍,李安,DirectBy
断背山 Brokeback Mountain,李安,DirectBy
致我们终将逝去的青春,赵薇,DirectBy
7号房的礼物 7번방의 선물,李焕庆,DirectBy
一代宗师 一代宗師,王家卫,DirectBy
我是大哥大 今日から俺は！！,福田雄一,DirectBy
穿条纹睡衣的男孩 The Boy in the Striped Pajamas,马克·赫尔曼,DirectBy
摩登时代 Modern Times,查理·卓别林,DirectBy
两小无猜 Jeux d'enfants,杨·塞谬尔,DirectBy
春光乍泄 春光乍洩,王家卫,DirectBy
告白,中岛哲也,DirectBy
穿越时空的少女 時をかける少女,细田守,DirectBy
我是传奇 I Am Legend,弗朗西斯·劳伦斯,DirectBy
大佛普拉斯,黄信尧,DirectBy
神话,唐季礼,DirectBy
小时代2：青木时代,郭敬明,DirectBy
新警察故事,陈木胜,DirectBy
猩球崛起2：黎明之战 Dawn of the Planet of the Apes,马特·里夫斯,DirectBy
色，戒,李安,DirectBy
被解救的姜戈 Django Unchained,昆汀·塔伦蒂诺,DirectBy
辩护人 변호인,杨宇硕,DirectBy
荒岛余生 Cast Away,罗伯特·泽米吉斯,DirectBy
海边的曼彻斯特 Manchester by the Sea,肯尼思·洛纳根,DirectBy
"两杆大烟枪 Lock, Stock and Two Smoking Barrels",盖·里奇,DirectBy
闪灵 The Shining,斯坦利·库布里克,DirectBy
阳光姐妹淘 써니,姜炯哲,DirectBy
他其实没那么喜欢你 He's Just Not That Into You,肯·卡皮斯,DirectBy
悟空传,郭子健,DirectBy
反贪风暴3 L風暴,林德禄,DirectBy
饮食男女 飲食男女,李安,DirectBy
起跑线 Hindi Medium,萨基特·乔杜里,DirectBy
满城尽带黄金甲,张艺谋,DirectBy
飞越疯人院 One Flew Over the Cuckoo's Nest,米洛斯·福尔曼,DirectBy
一个叫欧维的男人决定去死 En man som heter Ove,汉内斯·赫尔姆,DirectBy
无间道3：终极无间 無間道III 終極無間,刘伟强,DirectBy
无间道3：终极无间 無間道III 終極無間,麦兆辉,DirectBy
爱在黎明破晓前 Before Sunrise,理查德·林克莱特,DirectBy
十二公民,徐昂,DirectBy
天堂电影院 Nuovo Cinema Paradiso,朱塞佩·托纳多雷,DirectBy
超脱 Detachment,托尼·凯耶,DirectBy
赌神 賭神,王晶,DirectBy
血观音 血觀音,杨雅喆,DirectBy
蝙蝠侠：侠影之谜 Batman Begins,克里斯托弗·诺兰,DirectBy
青蛇,徐克,DirectBy
雪国列车 설국열차,奉俊昊,DirectBy
风声,陈国富,DirectBy
风声,高群书,DirectBy
寒战 寒戰,梁乐民,DirectBy
寒战 寒戰,陆剑青,DirectBy
我不是潘金莲,冯小刚,DirectBy
狩猎 Jagten,托马斯·温特伯格,DirectBy
琅琊榜,孔笙,DirectBy
琅琊榜,李雪,DirectBy
罗马 Roma,阿方索·卡隆,DirectBy
爆裂鼓手 Whiplash,达米恩·查泽雷,DirectBy
至暗时刻 Darkest Hour,乔·赖特,DirectBy
我是证人,安相勋,DirectBy
无间道2 無間道II,刘伟强,DirectBy
无间道2 無間道II,麦兆辉,DirectBy
哆啦A梦：伴我同行 STAND BY ME ドラえもん,八木龙一,DirectBy
哆啦A梦：伴我同行 STAND BY ME ドラえもん,山崎贵,DirectBy
白日梦想家 The Secret Life of Walter Mitty,本·斯蒂勒,DirectBy
印度合伙人 Padman,R·巴尔基,DirectBy
花木兰 Mulan,巴里·库克,DirectBy
花木兰 Mulan,托尼·班克罗夫特,DirectBy
香水 Perfume: The Story of a Murderer,汤姆·提克威,DirectBy
嘉年华,文晏,DirectBy
E.T. 外星人 E.T.: The Extra-Terrestrial,史蒂文·斯皮尔伯格,DirectBy
大鱼 Big Fish,蒂姆·波顿,DirectBy
小森林 冬春篇 リトル・フォレスト 冬・春,森淳一,DirectBy
春娇救志明 春嬌救志明,彭浩翔,DirectBy
集结号,冯小刚,DirectBy
她 Her,斯派克·琼斯,DirectBy
神探夏洛克：可恶的新娘 Sherlock: The Abominable Bride,道格拉斯·麦金农,DirectBy
伯德小姐 Lady Bird,格蕾塔·葛韦格,DirectBy
杀破狼2 殺破狼2,郑保瑞,DirectBy
英雄,张艺谋,DirectBy
荒蛮故事 Relatos salvajes,达米安·斯兹弗隆,DirectBy
春娇与志明 春嬌與志明,彭浩翔,DirectBy
幸福终点站 The Terminal,史蒂文·斯皮尔伯格,DirectBy
钢琴家 The Pianist,罗曼·波兰斯基,DirectBy
第六感 The Sixth Sense,M·奈特·沙马兰,DirectBy
第九区 District 9,尼尔·布洛姆坎普,DirectBy
家有喜事 家有囍事,高志森,DirectBy
侧耳倾听 耳をすませば,近藤喜文,DirectBy
百鸟朝凤,吴天明,DirectBy
延禧攻略,惠楷栋,DirectBy
延禧攻略,温德光,DirectBy
与神同行：罪与罚 신과함께-죄와 벌,金容华,DirectBy
香蜜沉沉烬如霜,朱锐斌,DirectBy
香蜜沉沉烬如霜,李秉光,DirectBy
香蜜沉沉烬如霜,澄丰,DirectBy
全民目击,非行,DirectBy
魂断蓝桥 Waterloo Bridge,茂文·勒鲁瓦,DirectBy
云图 Cloud Atlas,汤姆·提克威,DirectBy
云图 Cloud Atlas,拉娜·沃卓斯基,DirectBy
云图 Cloud Atlas,莉莉·沃卓斯基,DirectBy
追凶者也,曹保平,DirectBy
使徒行者,文伟鸿,DirectBy
暮光之城2：新月 The Twilight Saga: New Moon,克里斯·韦兹,DirectBy
入殓师 おくりびと,泷田洋二郎,DirectBy
无耻混蛋 Inglourious Basterds,昆汀·塔伦蒂诺,DirectBy
窃听风云 竊聽風雲,麦兆辉,DirectBy
窃听风云 竊聽風雲,庄文强,DirectBy
归来,张艺谋,DirectBy
海街日记 海街diary,是枝裕和,DirectBy
控方证人 Witness for the Prosecution,比利·怀德,DirectBy
白夜追凶,王伟,DirectBy
十二怒汉 12 Angry Men,西德尼·吕美特,DirectBy
我身体里的那个家伙 내안의 그놈,姜孝镇,DirectBy
大象席地而坐,胡波,DirectBy
爱在日落黄昏时 Before Sunset,理查德·林克莱特,DirectBy
黄金大劫案,宁浩,DirectBy
触及真心 진심이 닿다,朴俊和,DirectBy
汉江怪物 괴물,奉俊昊,DirectBy
白日焰火,刁亦男,DirectBy
甜蜜蜜,陈可辛,DirectBy
人工智能 Artificial Intelligence: AI,史蒂文·斯皮尔伯格,DirectBy
解忧杂货店,韩杰,DirectBy
钢的琴,张猛,DirectBy
赌侠 賭俠,王晶,DirectBy
遇见你之前 Me Before You,西娅·夏罗克,DirectBy
特工 공작,尹钟彬,DirectBy
画皮2 畫皮Ⅱ,乌尔善,DirectBy
寒战2 寒戰II,梁乐民,DirectBy
寒战2 寒戰II,陆剑青,DirectBy
一步之遥,姜文,DirectBy
师父,徐浩峰,DirectBy
青春派,刘杰,DirectBy
山楂树之恋,张艺谋,DirectBy
3年A班 -从现在起、大家都是人质- 3年A組 -今から皆さんは、人質です-,小室直子,DirectBy
3年A班 -从现在起、大家都是人质- 3年A組 -今から皆さんは、人質です-,铃木勇马,DirectBy
3年A班 -从现在起、大家都是人质- 3年A組 -今から皆さんは、人質です-,水野格,DirectBy
僵尸新娘 Corpse Bride,蒂姆·波顿,DirectBy
僵尸新娘 Corpse Bride,迈克·约翰逊,DirectBy
这个男人来自地球 The Man from Earth,理查德·沙因克曼,DirectBy
窃听风云2,麦兆辉,DirectBy
窃听风云2,庄文强,DirectBy
爱在午夜降临前 Before Midnight,理查德·林克莱特,DirectBy
暮光之城3：月食 The Twilight Saga: Eclipse,大卫·斯雷德,DirectBy
幸福的拉扎罗 Lazzaro felice,阿莉切·罗尔瓦赫尔,DirectBy
一天 One Day,罗勒·莎菲,DirectBy
月球 Moon,邓肯·琼斯,DirectBy
血钻 Blood Diamond,爱德华·兹威克,DirectBy
华尔街之狼 The Wolf of Wall Street,马丁·斯科塞斯,DirectBy
摇摆狂潮 스윙키즈,姜炯哲,DirectBy
浪矢解忧杂货店 ナミヤ雑貨店の奇蹟,广木隆一,DirectBy
萤火虫之墓 火垂るの墓,高畑勋,DirectBy
无人知晓 誰も知らない,是枝裕和,DirectBy
雨人 Rain Man,巴瑞·莱文森,DirectBy
我的天才女友 第一季 L'amica geniale Season 1,萨维里奥·科斯坦佐,DirectBy
假如爱有天意 클래식,郭在容,DirectBy
镰仓物语 DESTINY 鎌倉ものがたり,山崎贵,DirectBy
新龙门客栈 新龍門客棧,李惠民,DirectBy
搜索,陈凯歌,DirectBy
你看起来好像很好吃 おまえうまそうだな,藤森雅也,DirectBy
杀死伊芙 第一季 Killing Eve Season 1,荣·伊斯特,DirectBy
杀死伊芙 第一季 Killing Eve Season 1,达蒙·托马斯,DirectBy
杀死伊芙 第一季 Killing Eve Season 1,哈利·布拉德比尔,DirectBy
杀破狼·贪狼 殺破狼‧貪狼,叶伟信,DirectBy
社交网络 The Social Network,大卫·芬奇,DirectBy
皓镧传,李达超,DirectBy
权力的游戏 第八季 Game of Thrones Season 8,米格尔·萨普什尼克,DirectBy
权力的游戏 第八季 Game of Thrones Season 8,大卫·努特尔,DirectBy
权力的游戏 第八季 Game of Thrones Season 8,戴维·贝尼奥夫,DirectBy
权力的游戏 第八季 Game of Thrones Season 8,D·B·威斯,DirectBy
奇幻森林 The Jungle Book,乔恩·费儒,DirectBy
荒野生存 Into the Wild,西恩·潘,DirectBy
流浪猫鲍勃 A Street Cat Named Bob,罗杰·斯波蒂斯伍德,DirectBy
美国往事 Once Upon a Time in America,赛尔乔·莱昂内,DirectBy
战争之王 Lord of War,安德鲁·尼科尔,DirectBy
步履不停 歩いても 歩いても,是枝裕和,DirectBy
至爱梵高·星空之谜 Loving Vincent,多洛塔·科别拉,DirectBy
至爱梵高·星空之谜 Loving Vincent,休·韦尔什曼,DirectBy
万物理论 The Theory of Everything,詹姆斯·马什,DirectBy
厕所英雄 Toilet - Ek Prem Katha,什里·那拉扬·辛,DirectBy
蓝宇 藍宇,关锦鹏,DirectBy
遗愿清单 The Bucket List,罗伯·莱纳,DirectBy
佩小姐的奇幻城堡 Miss Peregrine's Home for Peculiar Children,蒂姆·波顿,DirectBy
聚焦 Spotlight,汤姆·麦卡锡,DirectBy
后宫·甄嬛传,郑晓龙,DirectBy
声之形 聲の形,山田尚子,DirectBy
天才少女 Gifted,马克·韦布,DirectBy
叶问3,叶伟信,DirectBy
山河故人,贾樟柯,DirectBy
陪安东尼度过漫长岁月,秦小珍,DirectBy
铁甲钢拳 Real Steel,肖恩·利维,DirectBy
投名状,陈可辛,DirectBy
胭脂扣,关锦鹏,DirectBy
暮光之城4：破晓(下) The Twilight Saga: Breaking Dawn - Part 2,比尔·康顿,DirectBy
赤壁(上),吴宇森,DirectBy
少年班,肖洋,DirectBy
朗读者 The Reader,史蒂芬·戴德利,DirectBy
珍珠港 Pearl Harbor,迈克尔·贝,DirectBy
寄生兽 寄生獣,山崎贵,DirectBy
黄飞鸿 黃飛鴻,徐克,DirectBy
狼图腾,让-雅克·阿诺,DirectBy
一九四二,冯小刚,DirectBy
破风 破風,林超贤,DirectBy
千钧一发 Gattaca,安德鲁·尼科尔,DirectBy
李米的猜想,曹保平,DirectBy
奎迪：英雄再起 Creed II,小斯蒂芬·卡普尔,DirectBy
和莎莫的500天 (500) Days of Summer,马克·韦布,DirectBy
喜宴 囍宴,李安,DirectBy
红高粱,张艺谋,DirectBy
美国丽人 American Beauty,萨姆·门德斯,DirectBy
杀破狼 殺破狼,叶伟信,DirectBy
去他*的世界 第一季 The End of the F***ing World Season 1,乔纳森·恩特威斯尔,DirectBy
去他*的世界 第一季 The End of the F***ing World Season 1,露西·彻尼亚克,DirectBy
老男孩猛龙过江,肖央,DirectBy
最好的我们,刘畅,DirectBy
猜火车 Trainspotting,丹尼·博伊尔,DirectBy
海蒂和爷爷 Heidi,阿兰·葛斯彭纳,DirectBy
发条橙 A Clockwork Orange,斯坦利·库布里克,DirectBy
独孤皇后,张孝正,DirectBy
权力的游戏 第一季 Game of Thrones Season 1,蒂莫西·范·帕腾,DirectBy
权力的游戏 第一季 Game of Thrones Season 1,布莱恩·柯克,DirectBy
权力的游戏 第一季 Game of Thrones Season 1,丹尼尔·米纳汉,DirectBy
权力的游戏 第一季 Game of Thrones Season 1,阿兰·泰勒,DirectBy
画壁,陈嘉上,DirectBy
人民的名义,李路,DirectBy
桃姐,许鞍华,DirectBy
十月围城,陈德森,DirectBy
杀生,管虎,DirectBy
路边野餐,毕赣,DirectBy
人鬼情未了 Ghost,杰瑞·扎克,DirectBy
小姐 아가씨,朴赞郁,DirectBy
听说 聽說,郑芬芬,DirectBy
赤壁(下),吴宇森,DirectBy
此房是我造 The House That Jack Built,拉斯·冯·提尔,DirectBy
城市之光 City Lights,查理·卓别林,DirectBy
太阳的后裔 태양의 후예,李应福,DirectBy
穆赫兰道 Mulholland Dr.,大卫·林奇,DirectBy
新世界 신세계,朴勋政,DirectBy
昼颜 昼顔,西谷弘,DirectBy
手机,冯小刚,DirectBy
鬼吹灯之精绝古城,孔笙,DirectBy
鬼吹灯之精绝古城,周游,DirectBy
鬼吹灯之精绝古城,孙墨龙,DirectBy
黄金时代,许鞍华,DirectBy
黑镜：潘达斯奈基 Black Mirror: Bandersnatch,大卫·斯雷德,DirectBy
京城81号,叶伟民,DirectBy
古董局中局,五百,DirectBy
古董局中局,余庆,DirectBy
扫毒 掃毒,陈木胜,DirectBy
一次别离 جدایی نادر از سیمین,阿斯哈·法哈蒂,DirectBy
可可西里,陆川,DirectBy
萨利机长 Sully,克林特·伊斯特伍德,DirectBy
一一,杨德昌,DirectBy
绿巨人浩克 Hulk,李安,DirectBy
门徒 門徒,尔冬升,DirectBy
步步惊心,李国立,DirectBy
歌舞青春 High School Musical,肯尼·奥特加,DirectBy
权力的游戏 第四季 Game of Thrones Season 4,D·B·威斯,DirectBy
权力的游戏 第四季 Game of Thrones Season 4,艾利克斯·格雷夫斯,DirectBy
权力的游戏 第四季 Game of Thrones Season 4,米歇尔·麦克拉伦,DirectBy
权力的游戏 第四季 Game of Thrones Season 4,埃里克·萨哈罗夫,DirectBy
权力的游戏 第四季 Game of Thrones Season 4,尼尔·马歇尔,DirectBy
大红灯笼高高挂,张艺谋,DirectBy
激战 激戰,林超贤,DirectBy
悲惨世界 Les Misérables,汤姆·森兰,DirectBy
非常嫌疑犯 The Usual Suspects,布莱恩·辛格,DirectBy
我脑中的橡皮擦 내 머리 속의 지우개,李宰汉,DirectBy
浪潮 Die Welle,丹尼斯·甘塞尔,DirectBy
百万美元宝贝 Million Dollar Baby,克林特·伊斯特伍德,DirectBy
刺客聂隐娘,侯孝贤,DirectBy
龙虾 The Lobster,欧格斯·兰斯莫斯,DirectBy
女孩 Girl,卢卡斯·德霍特,DirectBy
英国病人 The English Patient,安东尼·明格拉,DirectBy
Hello！树先生,韩杰,DirectBy
卡罗尔 Carol,托德·海因斯,DirectBy
悲惨世界 Les Misérables,汤姆·霍珀,DirectBy
调音师 L'accordeur,奥利维耶·特雷内,DirectBy
无极,陈凯歌,DirectBy
月光男孩 Moonlight,巴里·詹金斯,DirectBy
狂怒 Fury,大卫·阿耶,DirectBy
一个勺子,陈建斌,DirectBy
胜者即是正义 リーガル・ハイ,石川淳一,DirectBy
胜者即是正义 リーガル・ハイ,城宝秀则,DirectBy
老无所依 No Country for Old Men,伊桑·科恩,DirectBy
老无所依 No Country for Old Men,乔尔·科恩,DirectBy
"纳尼亚传奇1：狮子、女巫和魔衣橱 The Chronicles of Narnia: The Lion, the Witch and the Wardrobe",安德鲁·亚当森,DirectBy
隧道 터널,金成勋,DirectBy
蒂凡尼的早餐 Breakfast at Tiffany's,布莱克·爱德华兹,DirectBy
神探夏洛克 第四季 Sherlock Season 4,瑞秋·塔拉蕾,DirectBy
神探夏洛克 第四季 Sherlock Season 4,尼克·赫伦,DirectBy
神探夏洛克 第四季 Sherlock Season 4,本·卡隆,DirectBy
我是山姆 I Am Sam,杰茜·尼尔森,DirectBy
鸟人 Birdman or (The Unexpected Virtue of Ignorance),亚利桑德罗·冈萨雷斯·伊纳里图,DirectBy
登月第一人 First Man,达米恩·查泽雷,DirectBy
警察故事2013,丁晟,DirectBy
牯岭街少年杀人事件 牯嶺街少年殺人事件,杨德昌,DirectBy
情人 L'amant,让-雅克·阿诺,DirectBy
为奴十二年 12 Years a Slave,史蒂夫·麦奎因,DirectBy
革命之路 Revolutionary Road,萨姆·门德斯,DirectBy
宫锁沉香,潘安子,DirectBy
七武士 七人の侍,黑泽明,DirectBy
欢乐颂,孔笙,DirectBy
欢乐颂,简川訸,DirectBy
深夜食堂2 続・深夜食堂,松冈锭司,DirectBy
黄飞鸿之英雄有梦,周显扬,DirectBy
蓝色大门 藍色大門,易智言,DirectBy
BJ单身日记 Bridget Jones's Diary,莎伦·马奎尔,DirectBy
权力的游戏  第二季 Game of Thrones Season 2,阿兰·泰勒,DirectBy
权力的游戏  第二季 Game of Thrones Season 2,埃里克·萨哈罗夫,DirectBy
权力的游戏  第二季 Game of Thrones Season 2,大卫·彼特拉克,DirectBy
权力的游戏  第二季 Game of Thrones Season 2,大卫·努特尔,DirectBy
权力的游戏  第二季 Game of Thrones Season 2,尼尔·马歇尔,DirectBy
丹麦女孩 The Danish Girl,汤姆·霍珀,DirectBy
权力的游戏 第七季 Game of Thrones Season 7,杰雷米·波德斯瓦,DirectBy
权力的游戏 第七季 Game of Thrones Season 7,马克·米罗,DirectBy
权力的游戏 第七季 Game of Thrones Season 7,马特·沙克曼,DirectBy
权力的游戏 第七季 Game of Thrones Season 7,阿兰·泰勒,DirectBy
飓风营救 Taken,皮埃尔·莫瑞尔,DirectBy
起风了 風立ちぬ,宫崎骏,DirectBy
倩女幽魂,叶伟信,DirectBy
一个小忙 A Simple Favor,保罗·费格,DirectBy
如懿传,汪俊,DirectBy
黑色党徒 BlacKkKlansman,斯派克·李,DirectBy
太阳照常升起,姜文,DirectBy
权力的游戏 第三季 Game of Thrones Season 3,丹尼尔·米纳汉,DirectBy
权力的游戏 第三季 Game of Thrones Season 3,戴维·贝尼奥夫,DirectBy
权力的游戏 第三季 Game of Thrones Season 3,艾利克斯·格雷夫斯,DirectBy
权力的游戏 第三季 Game of Thrones Season 3,埃里克·萨哈罗夫,DirectBy
权力的游戏 第三季 Game of Thrones Season 3,米歇尔·麦克拉伦,DirectBy
权力的游戏 第三季 Game of Thrones Season 3,大卫·努特尔,DirectBy
我是路人甲,尔冬升,DirectBy
伪装者,李雪,DirectBy
赎罪 Atonement,乔·赖特,DirectBy
暗杀 암살,崔东勋,DirectBy
卖房子的女人的逆袭 家売るオンナの逆襲,猪股隆一,DirectBy
卖房子的女人的逆袭 家売るオンナの逆襲,久保田充,DirectBy
权力的游戏 第六季 Game of Thrones Season 6,杰雷米·波德斯瓦,DirectBy
权力的游戏 第六季 Game of Thrones Season 6,杰克·本德,DirectBy
权力的游戏 第六季 Game of Thrones Season 6,马克·米罗,DirectBy
权力的游戏 第六季 Game of Thrones Season 6,丹尼尔·沙克海姆,DirectBy
权力的游戏 第六季 Game of Thrones Season 6,米格尔·萨普什尼克,DirectBy
斗牛,管虎,DirectBy
暴雪将至,董越,DirectBy
名侦探柯南：瞳孔中的暗杀者 名探偵コナン 瞳の中の暗殺者,儿玉兼嗣,DirectBy
爱在暹罗 รักแห่งสยาม,楚克·萨克瑞科,DirectBy
十面埋伏,张艺谋,DirectBy
冈仁波齐,张杨,DirectBy
暗战 暗戰,杜琪峰,DirectBy
宝贝儿,刘杰,DirectBy
推拿,娄烨,DirectBy
有话好好说,张艺谋,DirectBy
小岛惊魂 The Others,亚历杭德罗·阿梅纳瓦尔,DirectBy
英雄本色2,吴宇森,DirectBy
一吻定情 イタズラなKiss～Love in TOKYO,永田琴,DirectBy
一吻定情 イタズラなKiss～Love in TOKYO,阿部雅和,DirectBy
一吻定情 イタズラなKiss～Love in TOKYO,川野浩司,DirectBy
夜宴,冯小刚,DirectBy
晚秋 만추,金泰勇,DirectBy
绿里奇迹 The Green Mile,弗兰克·德拉邦特,DirectBy
卢旺达饭店 Hotel Rwanda,特瑞·乔治,DirectBy
神探夏洛克  第二季 Sherlock Season 2,保罗·麦奎根,DirectBy
神探夏洛克  第二季 Sherlock Season 2,托比·海恩斯,DirectBy
真探 第一季 True Detective Season 1,凯瑞·福永,DirectBy
潘神的迷宫 El laberinto del fauno,吉尔莫·德尔·托罗,DirectBy
健忘村,陈玉勋,DirectBy
阳光小美女 Little Miss Sunshine,乔纳森·戴顿,DirectBy
阳光小美女 Little Miss Sunshine,维莱莉·法瑞斯,DirectBy
大空头 The Big Short,亚当·麦凯,DirectBy
天盛长歌,沈严,DirectBy
天盛长歌,刘海波,DirectBy
卡萨布兰卡 Casablanca,迈克尔·柯蒂兹,DirectBy
情癫大圣,刘镇伟,DirectBy
南京！南京！,陆川,DirectBy
霍元甲,于仁泰,DirectBy
信号 시그널,金元锡,DirectBy
兵临城下 Enemy at the Gates,让-雅克·阿诺,DirectBy
匹诺曹 피노키오,赵秀沅,DirectBy
匹诺曹 피노키오,申承佑,DirectBy
雏菊 데이지,刘伟强,DirectBy
比海更深 海よりもまだ深く,是枝裕和,DirectBy
弱点 The Blind Side,约翰·李·汉考克,DirectBy
旺角卡门 旺角卡門,王家卫,DirectBy
精武英雄,陈嘉上,DirectBy
权力的游戏 第五季 Game of Thrones Season 5,迈克尔·斯劳韦斯,DirectBy
权力的游戏 第五季 Game of Thrones Season 5,马克·米罗,DirectBy
权力的游戏 第五季 Game of Thrones Season 5,杰雷米·波德斯瓦,DirectBy
权力的游戏 第五季 Game of Thrones Season 5,米格尔·萨普什尼克,DirectBy
权力的游戏 第五季 Game of Thrones Season 5,大卫·努特尔,DirectBy
还珠格格 還珠格格,孙树培,DirectBy
举重妖精金福珠 역도요정 김복주,吴贤钟,DirectBy
东京物语 東京物語,小津安二郎,DirectBy
地球上的星星 Taare Zameen Par,阿米尔·汗,DirectBy
梦之安魂曲 Requiem for a Dream,达伦·阿伦诺夫斯基,DirectBy
"如晴天，似雨天 Like Sunday, Like Rain",弗兰克·威利,DirectBy
机械师 The Mechanic,西蒙·韦斯特,DirectBy
你好，疯子！,饶晓志,DirectBy
深夜食堂电影版 映画 深夜食堂,松冈锭司,DirectBy
午夜巴黎 Midnight in Paris,伍迪·艾伦,DirectBy
余罪 第一季,张睿,DirectBy
枪火 鎗火,杜琪峰,DirectBy
现在去见你 지금 만나러 갑니다,李章焄,DirectBy
三生三世十里桃花,林玉芬,DirectBy
三生三世十里桃花,余翠华,DirectBy
新少林寺,陈木胜,DirectBy
大卫·戈尔的一生 The Life of David Gale,艾伦·帕克,DirectBy
艺伎回忆录 Memoirs of a Geisha,罗伯·马歇尔,DirectBy
三毛从军记,张建亚,DirectBy
黑镜 第一季 Black Mirror Season 1,OttoBathurst,DirectBy
黑镜 第一季 Black Mirror Season 1,尤洛斯·林,DirectBy
黑镜 第一季 Black Mirror Season 1,BrianWelsh,DirectBy
嫌疑人X的献身 容疑者Xの献身,西谷弘,DirectBy
监狱风云 監獄風雲,林岭东,DirectBy
戏梦巴黎 The Dreamers,贝纳尔多·贝托鲁奇,DirectBy
内在美 뷰티인사이드,宋贤旭,DirectBy
我想和你好好的,李蔚然,DirectBy
万箭穿心,王竞,DirectBy
相爱相亲,张艾嘉,DirectBy
拆弹部队 The Hurt Locker,凯瑟琳·毕格罗,DirectBy
痞子英雄2：黎明升起 痞子英雄2：黎明再起,蔡岳勋,DirectBy
少年时代 Boyhood,理查德·林克莱特,DirectBy
燃情岁月 Legends of the Fall,爱德华·兹威克,DirectBy
空天猎,李晨,DirectBy
我的特工爷爷 特工爺爺,洪金宝,DirectBy
时间旅行者的妻子 The Time Traveler's Wife,罗伯特·斯文克,DirectBy
九色鹿,钱家骏,DirectBy
九色鹿,戴铁郎,DirectBy
三少爷的剑,尔冬升,DirectBy
泰山 Tarzan,ChrisBuck,DirectBy
泰山 Tarzan,KevinLima,DirectBy
阿黛尔的生活 La vie d'Adèle,阿布戴·柯西胥,DirectBy
廊桥遗梦 The Bridges of Madison County,克林特·伊斯特伍德,DirectBy
华盛顿邮报 The Post,史蒂文·斯皮尔伯格,DirectBy
我们诞生在中国 Born in China,陆川,DirectBy
羞耻 第三季 Skam Sesong 3,尤莉娅·安德姆,DirectBy
名侦探柯南：绀碧之棺 名探偵コナン 紺碧の棺,山本泰一郎,DirectBy
完美的世界 A Perfect World,克林特·伊斯特伍德,DirectBy
恐袭波士顿 Patriots Day,彼得·博格,DirectBy
剩者为王,落落,DirectBy
太平轮(下)·彼岸,吴宇森,DirectBy
星空,林书宇,DirectBy
重返十七岁 17 Again,布尔·斯蒂尔斯,DirectBy
角斗士 Gladiator,雷德利·斯科特,DirectBy
土拨鼠之日 Groundhog Day,哈罗德·雷米斯,DirectBy
痞子英雄之全面开战 痞子英雄,蔡岳勋,DirectBy
踏血寻梅 踏血尋梅,翁子光,DirectBy
蒙上你的眼 Bird Box,苏珊娜·比尔,DirectBy
追击者 추격자,罗泓轸,DirectBy
如果·爱,陈可辛,DirectBy
如果·爱,赵良骏,DirectBy
海洋之歌 Song of the Sea,汤姆·摩尔,DirectBy
阿尔法：狼伴归途 Alpha,艾尔伯特·休斯,DirectBy
功夫梦 The Karate Kid,哈罗德·兹瓦特,DirectBy
边境 Gräns,阿里·阿巴西,DirectBy
一树梨花压海棠 Lolita,阿德里安·莱恩,DirectBy
暴力街区 Brick Mansions,卡米尔·狄拉玛,DirectBy
猎凶风河谷 Wind River,泰勒·谢里丹,DirectBy
爱 愛,钮承泽,DirectBy
魅影缝匠 Phantom Thread,保罗·托马斯·安德森,DirectBy
你好，旧时光,沙漠,DirectBy
艋舺,钮承泽,DirectBy
朱诺 Juno,贾森·雷特曼,DirectBy
赤道,梁乐民,DirectBy
赤道,陆剑青,DirectBy
2046,王家卫,DirectBy
反贪风暴 Z風暴,林德禄,DirectBy
神探夏洛克 第三季 Sherlock Season 3,柯尔姆·麦卡锡,DirectBy
神探夏洛克 第三季 Sherlock Season 3,杰里米·洛夫林,DirectBy
神探夏洛克 第三季 Sherlock Season 3,尼克·赫伦,DirectBy
末路狂花 Thelma & Louise,雷德利·斯科特,DirectBy
战马 War Horse,史蒂文·斯皮尔伯格,DirectBy
西游记,杨洁,DirectBy
歌剧魅影 The Phantom of the Opera,乔·舒马赫,DirectBy
睡在我上铺的兄弟,张琦,DirectBy
八恶人 The Hateful Eight,昆汀·塔伦蒂诺,DirectBy
极速风流 Rush,朗·霍华德,DirectBy
太平轮(上),吴宇森,DirectBy
招魂2 The Conjuring 2,温子仁,DirectBy
一拳超人 第二季 ワンパンマン 2期,樱井亲良,DirectBy
致我们单纯的小美好,唐彬,DirectBy
致我们单纯的小美好,杨龙,DirectBy
鼠来宝 Alvin and the Chipmunks,蒂姆·希尔,DirectBy
皇家酒店谋杀案 Bad Times at the El Royale,德鲁·高达,DirectBy
虹猫蓝兔七侠传,王宏,DirectBy
虹猫蓝兔七侠传,罗沐,DirectBy
虹猫蓝兔七侠传,许龙,DirectBy
虹猫蓝兔七侠传,徐艳娜,DirectBy
虹猫蓝兔七侠传,江莉,DirectBy
虹猫蓝兔七侠传,艾慕华,DirectBy
虹猫蓝兔七侠传,张建和,DirectBy
虹猫蓝兔七侠传,周韧峰,DirectBy
虹猫蓝兔七侠传,颜雷鸣,DirectBy
虹猫蓝兔七侠传,赵玉碧,DirectBy
虹猫蓝兔七侠传,朱海燕,DirectBy
大魔术师 大魔術師,尔冬升,DirectBy
四重奏 カルテット,土井裕泰,DirectBy
四重奏 カルテット,金子文纪,DirectBy
四重奏 カルテット,坪井敏雄,DirectBy
国家破产之日 국가부도의 날,崔国熙,DirectBy
金福南杀人事件始末 김복남 살인사건의 전말,张哲洙,DirectBy
听风者,麦兆辉,DirectBy
听风者,庄文强,DirectBy
壁花少年 The Perks of Being a Wallflower,斯蒂芬·卓博斯基,DirectBy
河神,田里,DirectBy
神探夏洛克：最后的誓言 Sherlock: His Last Vow,尼克·赫伦,DirectBy
边境杀手 Sicario,丹尼斯·维伦纽瓦,DirectBy
僵尸 殭屍,麦浚龙,DirectBy
反贪风暴2 S風暴,林德禄,DirectBy
一纸婚约,张辉,DirectBy
冷战 Zimna wojna,帕维乌·帕夫利科夫斯基,DirectBy
烟花 打ち上げ花火、下から見るか？横から見るか？,新房昭之,DirectBy
烟花 打ち上げ花火、下から見るか？横から見るか？,武内宣之,DirectBy
新少林五祖,王晶,DirectBy
算死草,马伟豪,DirectBy
逆战,林超贤,DirectBy
黄海 황해,罗泓轸,DirectBy
亮剑,张前,DirectBy
亮剑,陈健,DirectBy
梅尔罗斯 Patrick Melrose,爱德华·贝尔格,DirectBy
贴身保镖 Bodyguard,托马斯·文森特,DirectBy
贴身保镖 Bodyguard,约翰·史翠兰,DirectBy
如父如子 そして父になる,是枝裕和,DirectBy
黑暗面 La cara oculta,安德烈斯·拜斯,DirectBy
西雅图未眠夜 Sleepless in Seattle,诺拉·艾芙隆,DirectBy
溺水小刀 溺れるナイフ,山户结希,DirectBy
歌舞青春2 High School Musical 2,肯尼·奥特加,DirectBy
一级恐惧 Primal Fear,格里高利·霍布里特,DirectBy
迷失东京 Lost in Translation,索菲亚·科波拉,DirectBy
开心家族 헬로우 고스트,金永卓,DirectBy
花木兰,马楚成,DirectBy
雨果 Hugo,马丁·斯科塞斯,DirectBy
飓风营救2 Taken 2,奥利维尔·米加顿,DirectBy
最佳出价 La migliore offerta,朱塞佩·托纳多雷,DirectBy
封神传奇,许安,DirectBy
神秘代码 Knowing,亚历克斯·普罗亚斯,DirectBy
落叶归根,张杨,DirectBy
副总统 Vice,亚当·麦凯,DirectBy
我爱你 그대를 사랑합니다,秋昌旼,DirectBy
最爱,顾长卫,DirectBy
百元之恋 百円の恋,武正晴,DirectBy
被抹去的男孩 Boy Erased,乔尔·埃哲顿,DirectBy
佛罗里达乐园 The Florida Project,肖恩·贝克,DirectBy
暖暖内含光 Eternal Sunshine of the Spotless Mind,米歇尔·贡德里,DirectBy
听见你的声音 너의 목소리가 들려,赵秀沅,DirectBy
龙虎门,叶伟信,DirectBy
美食、祈祷和恋爱 Eat Pray Love,瑞恩·墨菲,DirectBy
狼的孩子雨和雪 おおかみこどもの雨と雪,细田守,DirectBy
灵能百分百 II モブサイコ100 II,立川让,DirectBy
微微一笑很倾城,林玉芬,DirectBy
赛德克·巴莱 賽德克·巴萊,魏德圣,DirectBy
贤妻 The Wife,比约恩·荣格,DirectBy
极品飞车 Need for Speed,斯科特·沃,DirectBy
一念无明 一念無明,黄进,DirectBy
东邪西毒：终极版 東邪西毒終極版,王家卫,DirectBy
东京教父 東京ゴッドファーザーズ,今敏,DirectBy
危城,陈木胜,DirectBy
超时空接触 Contact,罗伯特·泽米吉斯,DirectBy
大白鲨 Jaws,史蒂文·斯皮尔伯格,DirectBy
飞行家 The Aviator,马丁·斯科塞斯,DirectBy
传奇的诞生 Pelé: Birth of a Legend,杰夫·泽姆巴利斯特,DirectBy
传奇的诞生 Pelé: Birth of a Legend,迈克尔·泽姆巴利斯特,DirectBy
人不彪悍枉少年,邓科,DirectBy
木偶奇遇记 Pinocchio,汉密尔顿·卢斯科,DirectBy
木偶奇遇记 Pinocchio,宾·沙普斯坦,DirectBy
二次曝光,李玉,DirectBy
水果硬糖 Hard Candy,大卫·斯雷德,DirectBy
中华英雄 中華英雄,刘伟强,DirectBy
纯洁心灵·逐梦演艺圈,毕志飞,DirectBy
人生遥控器 Click,弗兰克·克拉斯,DirectBy
歌舞青春3：毕业季 High School Musical 3: Senior Year,肯尼·奥特加,DirectBy
追风筝的人 The Kite Runner,马克·福斯特,DirectBy
恋空,今井夏木,DirectBy
醉乡民谣 Inside Llewyn Davis,伊桑·科恩,DirectBy
醉乡民谣 Inside Llewyn Davis,乔尔·科恩,DirectBy
琅琊榜之风起长林,孔笙,DirectBy
琅琊榜之风起长林,李雪,DirectBy
苦月亮 Bitter Moon,罗曼·波兰斯基,DirectBy
"继承者们 왕관을 쓰려는자, 그 무게를 견뎌라 - 상속자들",姜信孝,DirectBy
"继承者们 왕관을 쓰려는자, 그 무게를 견뎌라 - 상속자들",富圣哲,DirectBy
古惑仔3之只手遮天 古惑仔3之隻手遮天,刘伟强,DirectBy
勇往直前 Only the Brave,约瑟夫·科辛斯基,DirectBy
完美的他人 완벽한타인,李宰圭,DirectBy
线人 綫人,林超贤,DirectBy
三国之见龙卸甲,李仁港,DirectBy
苏州河,娄烨,DirectBy
海盗电台 The Boat That Rocked,理查德·柯蒂斯,DirectBy
天龙八部,鞠觉亮,DirectBy
天龙八部,周晓文,DirectBy
天龙八部,于敏,DirectBy
天龙八部,赵箭,DirectBy
活埋 Buried,罗德里戈·科尔特斯,DirectBy
将爱情进行到底,张一白,DirectBy
千年女优 千年女優,今敏,DirectBy
星运里的错 The Fault in Our Stars,约什·布恩,DirectBy
观音山,李玉,DirectBy
苹果,李玉,DirectBy
越狱 第一季 Prison Break Season 1,布莱特·拉特纳,DirectBy
还珠格格第二部 還珠格格第二部,李平,DirectBy
还珠格格第二部 還珠格格第二部,孙树培,DirectBy
濑户内海 セトウツミ,大森立嗣,DirectBy
白鹿原,王全安,DirectBy
大明王朝1566,张黎,DirectBy
明月几时有,许鞍华,DirectBy
极乐空间 Elysium,尼尔·布洛姆坎普,DirectBy
杜拉拉升职记,徐静蕾,DirectBy
冲出亚马逊,宋业明,DirectBy
媚者无疆,易军,DirectBy
戴珍珠耳环的少女 Girl with a Pearl Earring,彼得·韦柏,DirectBy
冒牌上尉 Der Hauptmann,罗伯特·斯文克,DirectBy
叫我第一名 Front of the Class,彼得·维纳,DirectBy
战长沙,孔笙,DirectBy
战长沙,张开宙,DirectBy
独自等待,伍仕贤,DirectBy
帝国的毁灭 Der Untergang,奥利弗·希施比格尔,DirectBy
夏目友人帐 劇場版 夏目友人帳 ～うつせみに結ぶ～,大森贵弘,DirectBy
夏目友人帐 劇場版 夏目友人帳 ～うつせみに結ぶ～,伊藤秀树,DirectBy
范海辛 Van Helsing,斯蒂芬·索莫斯,DirectBy
锦衣卫,李仁港,DirectBy
没关系，是爱情啊 괜찮아 사랑이야,金奎泰,DirectBy
爱情与灵药 Love & Other Drugs,爱德华·兹威克,DirectBy
赌神3之少年赌神 賭神3之少年賭神,王晶,DirectBy
红磨坊 Moulin Rouge!,巴兹·鲁赫曼,DirectBy
我的大叔 나의 아저씨,金元锡,DirectBy
喋血双雄,吴宇森,DirectBy
非常主播 과속스캔들,姜炯哲,DirectBy
忍者神龟 TMNT,KevinMunroe,DirectBy
推手,李安,DirectBy
一个陌生女人的来信,徐静蕾,DirectBy
亲切的金子 친절한 금자씨,朴赞郁,DirectBy
爱情公寓3,韦正,DirectBy
机器之血,张立嘉,DirectBy
王的男人 왕의남자,李濬益,DirectBy
孔子,胡玫,DirectBy
黑镜 第三季 Black Mirror Season 3,欧文·哈里斯,DirectBy
黑镜 第三季 Black Mirror Season 3,乔·赖特,DirectBy
黑镜 第三季 Black Mirror Season 3,詹姆斯·瓦特金斯,DirectBy
黑镜 第三季 Black Mirror Season 3,雅各布·维尔布鲁根,DirectBy
黑镜 第三季 Black Mirror Season 3,詹姆斯·哈维斯,DirectBy
黑镜 第三季 Black Mirror Season 3,丹·特拉亨伯格,DirectBy
成为简·奥斯汀 Becoming Jane,朱里安·杰拉德,DirectBy
情深深雨濛濛,李平,DirectBy
十二夜,林爱华,DirectBy
黑社会 黑社會,杜琪峰,DirectBy
逆世界 Upside Down,胡安·索拉纳斯,DirectBy
你是谁 - 学校2015 후아유 - 학교 2015,白尚勋,DirectBy
你是谁 - 学校2015 후아유 - 학교 2015,李应福,DirectBy
你能原谅我吗？ Can You Ever Forgive Me?,玛丽埃尔·海勒,DirectBy
纳尼亚传奇3：黎明踏浪号 The Chronicles of Narnia: The Voyage of the Dawn Treader,迈克尔·艾普特,DirectBy
校对女孩河野悦子 地味にスゴイ！ 校閲ガール・河野悦子,佐藤东弥,DirectBy
思悼 사도,李濬益,DirectBy
边境风云,程耳,DirectBy
士兵突击,康洪雷,DirectBy
没完没了,冯小刚,DirectBy
寡妇联盟 Widows,史蒂夫·麦奎因,DirectBy
武侠,陈可辛,DirectBy
勇士 Warrior,加文·欧康诺,DirectBy
蝴蝶君 M. Butterfly,大卫·柯南伯格,DirectBy
大块头有大智慧 大隻佬,杜琪峰,DirectBy
大块头有大智慧 大隻佬,韦家辉,DirectBy
墨攻,张之亮,DirectBy
新宿事件,尔冬升,DirectBy
夏目友人帐 夏目友人帳,大森贵弘,DirectBy
紫罗兰永恒花园 ヴァイオレット・エヴァーガーデン,石立太一,DirectBy
今生是第一次 이번 생은 처음이라,朴俊和,DirectBy
蓝色情人节 Blue Valentine,德里克·斯安弗朗斯,DirectBy
天空之眼 Eye in the Sky,加文·胡德,DirectBy
黑社会2：以和为贵 黑社會以和為貴,杜琪峰,DirectBy
三人行,杜琪峰,DirectBy
非凡任务,麦兆辉,DirectBy
非凡任务,潘耀明,DirectBy
一拳超人 ワンパンマン,夏目真悟,DirectBy
大世界,刘健,DirectBy
我们这一天 第一季 This Is Us Season 1,约翰·里夸,DirectBy
我们这一天 第一季 This Is Us Season 1,格伦·费卡拉,DirectBy
我们这一天 第一季 This Is Us Season 1,肯·奥林,DirectBy
我们这一天 第一季 This Is Us Season 1,小乔治·提尔曼,DirectBy
我们这一天 第一季 This Is Us Season 1,克雷格·兹斯克,DirectBy
我们这一天 第一季 This Is Us Season 1,西拉斯霍华德,DirectBy
我们这一天 第一季 This Is Us Season 1,莎拉·皮亚·安德森,DirectBy
我们这一天 第一季 This Is Us Season 1,乌塔·布里兹维茨,DirectBy
我们这一天 第一季 This Is Us Season 1,海伦·亨特,DirectBy
我们这一天 第一季 This Is Us Season 1,蒂莫西·布斯菲尔德,DirectBy
我们这一天 第一季 This Is Us Season 1,克里斯·科赫,DirectBy
我们这一天 第一季 This Is Us Season 1,温蒂·斯坦齐勒,DirectBy
秘密森林 비밀의 숲,安吉镐,DirectBy
年轻气盛 Youth,保罗·索伦蒂诺,DirectBy
龙纹身的女孩 The Girl with the Dragon Tattoo,大卫·芬奇,DirectBy
那山那人那狗,霍建起,DirectBy
韩城攻略,马楚成,DirectBy
大追捕,周显扬,DirectBy
我的恐怖妻子 僕のヤバイ妻,三宅喜重,DirectBy
我的恐怖妻子 僕のヤバイ妻,国本雅广,DirectBy
十二宫 Zodiac,大卫·芬奇,DirectBy
横道世之介,冲田修一,DirectBy
脱欧：无理之战 Brexit: The Uncivil War,托比·海恩斯,DirectBy
狗镇 Dogville,拉斯·冯·提尔,DirectBy
黑镜 第四季 Black Mirror Season 4,托比·海恩斯,DirectBy
黑镜 第四季 Black Mirror Season 4,朱迪·福斯特,DirectBy
黑镜 第四季 Black Mirror Season 4,约翰·希尔寇特,DirectBy
黑镜 第四季 Black Mirror Season 4,蒂莫西·范·帕腾,DirectBy
黑镜 第四季 Black Mirror Season 4,大卫·斯雷德,DirectBy
黑镜 第四季 Black Mirror Season 4,柯尔姆·麦卡锡,DirectBy
女性瘾者：第一部 Nymphomaniac: Volume I,拉斯·冯·提尔,DirectBy
老手 베테랑,柳昇完,DirectBy
赤裸特工,程小东,DirectBy
老中医,毛卫宁,DirectBy
逆光飞翔 逆光飛翔,张荣吉,DirectBy
红楼梦,王扶林,DirectBy
刺客伍六七,何伟锋,DirectBy
芙蓉镇,谢晋,DirectBy
机器管家 Bicentennial Man,克里斯·哥伦布,DirectBy
哪啊哪啊神去村 WOOD JOB！神去なあなあ日常,矢口史靖,DirectBy
我们仍未知道那天所看见的花的名字 あの日見た花の名前を僕達はまだ知らない。,长井龙雪,DirectBy
昼颜：工作日下午3点的恋人们 昼顔～平日午後3時の恋人たち～,西谷弘,DirectBy
昼颜：工作日下午3点的恋人们 昼顔～平日午後3時の恋人たち～,高野舞,DirectBy
昼颜：工作日下午3点的恋人们 昼顔～平日午後3時の恋人たち～,西坂瑞城,DirectBy
绝地隧战 PMC: 더벙커,金秉祐,DirectBy
8英里 8 Mile,柯蒂斯·汉森,DirectBy
堕落天使,王家卫,DirectBy
毕业生 The Graduate,迈克·尼科尔斯,DirectBy
五十度黑 Fifty Shades Darker,詹姆斯·弗雷,DirectBy
铁线虫入侵 연가시,朴正祐,DirectBy
一个都不能少,张艺谋,DirectBy
新乌龙院之笑闹江湖,朱延平,DirectBy
大开眼戒 Eyes Wide Shut,斯坦利·库布里克,DirectBy
半泽直树 半沢直樹,福泽克雄,DirectBy
半泽直树 半沢直樹,棚泽孝义,DirectBy
半泽直树 半沢直樹,田中健太,DirectBy
大逃杀 バトル・ロワイアル,深作欣二,DirectBy
孤胆特工 아저씨,李桢凡,DirectBy
东方快车谋杀案 Murder on the Orient Express,西德尼·吕美特,DirectBy
面纱 The Painted Veil,约翰·卡兰,DirectBy
理智与情感 Sense and Sensibility,李安,DirectBy
铜雀台,赵林山,DirectBy
航海王之黄金城 ONE PIECE FILM GOLD,宮元宏彰,DirectBy
我的前半生,沈严,DirectBy
一把青,曹瑞原,DirectBy
盲山,李杨,DirectBy
岁月的童话 おもひでぽろぽろ,高畑勋,DirectBy
毒枭：墨西哥 第一季 Narcos: Mexico Season 1,约瑟夫·久保田·瓦拉达卡,DirectBy
毒枭：墨西哥 第一季 Narcos: Mexico Season 1,安德烈斯·拜斯,DirectBy
毒枭：墨西哥 第一季 Narcos: Mexico Season 1,阿玛特·伊斯卡拉特,DirectBy
毒枭：墨西哥 第一季 Narcos: Mexico Season 1,阿隆索·帕拉西奥斯,DirectBy
美人心计,吴锦源,DirectBy
美人心计,梁欣全,DirectBy
美人心计,陈国华,DirectBy
裁缝 The Dressmaker,乔瑟琳·穆尔豪斯,DirectBy
无姓之人 Mr. Nobody,雅克·范·多梅尔,DirectBy
罗密欧与朱丽叶 Romeo + Juliet,巴兹·鲁赫曼,DirectBy
冲上云霄 衝上雲霄,叶伟信,DirectBy
冲上云霄 衝上雲霄,邹凯光,DirectBy
风雨哈佛路 Homeless to Harvard: The Liz Murray Story,彼得·勒文,DirectBy
猛龙过江 猛龍過江,李小龙,DirectBy
少年包青天,胡明凯,DirectBy
大武生,高晓松,DirectBy
我的英雄学院 第1季 僕のヒーローアカデミア,长崎健司,DirectBy
真探 第三季 True Detective Season 3,丹尼尔·沙克海姆,DirectBy
真探 第三季 True Detective Season 3,尼克·皮佐拉托,DirectBy
真探 第三季 True Detective Season 3,杰瑞米·索尔尼尔,DirectBy
惊天大逆转,李骏,DirectBy
壮志凌云 Top Gun,托尼·斯科特,DirectBy
舞出我人生 Step Up,安妮·弗莱彻,DirectBy
大力女子都奉顺 힘쎈여자 도봉순,李亨民,DirectBy
初恋这首情歌 Sing Street,约翰·卡尼,DirectBy
治愈者 힐러,李政燮,DirectBy
治愈者 힐러,金振宇,DirectBy
古惑仔2之猛龙过江,刘伟强,DirectBy
精武门 精武門,罗维,DirectBy
罪人 Den skyldige,古斯塔夫·莫勒,DirectBy
鸿门宴传奇,李仁港,DirectBy
间谍之桥 Bridge of Spies,史蒂文·斯皮尔伯格,DirectBy
欢乐颂2,简川訸,DirectBy
欢乐颂2,张开宙,DirectBy
中国合伙人2,刘亚当,DirectBy
何以笙箫默,刘俊杰,DirectBy
杀手：代号47 Hitman,泽维尔·吉恩斯,DirectBy
天龙八部 天龍八部,李添胜,DirectBy
康熙王朝,陈家林,DirectBy
康熙王朝,刘大印,DirectBy
洛丽塔 Lolita,斯坦利·库布里克,DirectBy
大宅门,郭宝昌,DirectBy
怪奇物语 第一季 Stranger Things Season 1,肖恩·利维,DirectBy
怪奇物语 第一季 Stranger Things Season 1,马特·达菲,DirectBy
怪奇物语 第一季 Stranger Things Season 1,罗斯·达菲,DirectBy
窈窕淑女 My Fair Lady,乔治·库克,DirectBy
李雷和韩梅梅,杨永春,DirectBy
杀手没有假期 In Bruges,马丁·麦克唐纳,DirectBy
莫娣 Maudie,艾斯林·沃什,DirectBy
大地惊雷 True Grit,乔尔·科恩,DirectBy
大地惊雷 True Grit,伊桑·科恩,DirectBy
经常请吃饭的漂亮姐姐 밥 잘 사주는 예쁜 누나,安畔锡,DirectBy
摩登年代,邵晓黎,DirectBy
粉红女郎,伍宗德,DirectBy
忽而今夏,吕赢,DirectBy
好想告诉你 君に届け,熊泽尚人,DirectBy
人生删除事务所 dele ディーリー,泷本智行,DirectBy
人生删除事务所 dele ディーリー,常广丈太,DirectBy
春光灿烂猪八戒,范小天,DirectBy
春光灿烂猪八戒,叶崇铭,DirectBy
春光灿烂猪八戒,梦继,DirectBy
可爱的骨头 The Lovely Bones,彼得·杰克逊,DirectBy
五十度飞 Fifty Shades Freed,詹姆斯·弗雷,DirectBy
北漂爱情故事,陈昊义,DirectBy
导盲犬小Q クイール,崔洋一,DirectBy
心里的声音 마음의 소리,河炳勋,DirectBy
遇见王沥川,陈铭章,DirectBy
小鹿斑比 Bambi,戴维·汉德,DirectBy
小鹿斑比 Bambi,詹姆斯·阿尔格,DirectBy
小鹿斑比 Bambi,塞缪尔·阿姆斯特朗,DirectBy
小鹿斑比 Bambi,格雷厄姆·海德,DirectBy
小鹿斑比 Bambi,比尔·罗伯茨,DirectBy
小鹿斑比 Bambi,保罗·萨特菲尔德,DirectBy
小鹿斑比 Bambi,诺曼·莱特,DirectBy
天才瑞普利 The Talented Mr. Ripley,安东尼·明格拉,DirectBy
偷心 Closer,迈克·尼科尔斯,DirectBy
铁齿铜牙纪晓岚,刘家成,DirectBy
蓝莓之夜 My Blueberry Nights,王家卫,DirectBy
红色,杨磊,DirectBy
顽主,米家山,DirectBy
全城高考,钟少雄,DirectBy
布鲁克林 Brooklyn,约翰·克劳利,DirectBy
羞耻 法国版 第三季 Skam France Season 3,大卫·霍雷格,DirectBy
三峡好人,贾樟柯,DirectBy
云水谣,尹力,DirectBy
盗钥匙的方法 鍵泥棒のメソッド,内田贤治,DirectBy
尼罗河上的惨案 Death on the Nile,约翰·吉勒明,DirectBy
浓情巧克力 Chocolat,拉斯·霍尔斯道姆,DirectBy
唐顿庄园  第一季 Downton Abbey Season 1,布莱恩·派西维尔,DirectBy
唐顿庄园  第一季 Downton Abbey Season 1,本·博尔特,DirectBy
唐顿庄园  第一季 Downton Abbey Season 1,布莱恩·凯利,DirectBy
法医秦明,徐昂,DirectBy
灾难艺术家 The Disaster Artist,詹姆斯·弗兰科,DirectBy
圣诞夜惊魂 The Nightmare Before Christmas,亨利·塞利克,DirectBy
余罪 第二季,张睿,DirectBy
22年后的自白 22年目の告白 私が殺人犯です,入江悠,DirectBy
花与爱丽丝 花とアリス,岩井俊二,DirectBy
冷山 Cold Mountain,安东尼·明格拉,DirectBy
黑镜：圣诞特别篇 Black Mirror: White Christmas,卡尔·蒂贝茨,DirectBy
关云长,麦兆辉,DirectBy
关云长,庄文强,DirectBy
麦兜故事 麥兜故事,袁建滔,DirectBy
刺猬的优雅 Le hérisson,莫娜·阿查切,DirectBy
我的父亲母亲,张艺谋,DirectBy
夜行动物 Nocturnal Animals,汤姆·福特,DirectBy
宫,李慧珠,DirectBy
深夜食堂,松冈锭司,DirectBy
深夜食堂,山下敦弘,DirectBy
深夜食堂,及川拓郎,DirectBy
城市猎人 시티헌터,陈赫,DirectBy
东京女子图鉴 東京女子図鑑,棚田由纪,DirectBy
她 Elle,保罗·范霍文,DirectBy
寻枪,陆川,DirectBy
登堂入室 Dans la maison,弗朗索瓦·欧容,DirectBy
火柴人 Matchstick Men,雷德利·斯科特,DirectBy
不成问题的问题,梅峰,DirectBy
普罗旺斯的夏天 Avis de mistral,罗丝·博斯,DirectBy
小森林 리틀 포레스트,林顺礼,DirectBy
大军师司马懿之军师联盟,张永新,DirectBy
金钱世界 All the Money in the World,雷德利·斯科特,DirectBy
绝命毒师  第五季 Breaking Bad Season 5,迈克尔·斯劳韦斯,DirectBy
绝命毒师  第五季 Breaking Bad Season 5,米歇尔·麦克拉伦,DirectBy
绝命毒师  第五季 Breaking Bad Season 5,亚当·伯恩斯坦,DirectBy
绝命毒师  第五季 Breaking Bad Season 5,莱恩·约翰逊,DirectBy
绝命毒师  第五季 Breaking Bad Season 5,乔治·马斯塔斯,DirectBy
绝命毒师  第五季 Breaking Bad Season 5,科林·巴克西,DirectBy
绝命毒师  第五季 Breaking Bad Season 5,托马斯·施纳泽,DirectBy
绝命毒师  第五季 Breaking Bad Season 5,布莱恩·科兰斯顿,DirectBy
绝命毒师  第五季 Breaking Bad Season 5,山姆·卡特林,DirectBy
绝命毒师  第五季 Breaking Bad Season 5,皮特·古尔德,DirectBy
绝命毒师  第五季 Breaking Bad Season 5,文斯·吉里根,DirectBy
出租车司机 Taxi Driver,马丁·斯科塞斯,DirectBy
小兵张嘎,崔嵬,DirectBy
小兵张嘎,欧阳红樱,DirectBy
超感猎杀：完结特别篇 Sense8 Finale Special,拉娜·沃卓斯基,DirectBy
天国王朝 Kingdom of Heaven,雷德利·斯科特,DirectBy
边城,凌子风,DirectBy
鸣梁海战 명량,金韩民,DirectBy
"我，花样女王 I, Tonya",克雷格·吉勒斯佩,DirectBy
假结婚 The Proposal,安妮·弗莱彻,DirectBy
白雪公主之魔镜魔镜 Mirror Mirror,塔西姆·辛,DirectBy
换子疑云 Changeling,克林特·伊斯特伍德,DirectBy
阿拉姜色,松太加,DirectBy
羞耻 第四季 Skam Sesong 4,尤莉娅·安德姆,DirectBy
惊变28天 28 Days Later...,丹尼·博伊尔,DirectBy
白夜行,深川栄洋,DirectBy
赛末点 Match Point,伍迪·艾伦,DirectBy
K星异客 K-PAX,伊恩·索夫特雷,DirectBy
东京攻略 東京攻略,马楚成,DirectBy
内在美 뷰티 인사이드,白宗烈,DirectBy
危机13小时 13 Hours: The Secret Soldiers of Benghazi,迈克尔·贝,DirectBy
不一样的天空 What's Eating Gilbert Grape,拉斯·霍尔斯道姆,DirectBy
杉杉来了,刘俊杰,DirectBy
上帝之国 God's Own Country,弗朗西斯·李,DirectBy
情色小说家 ポルノグラファー,三木康一郎,DirectBy
决战食神,叶伟民,DirectBy
楚乔传,吴锦源,DirectBy
奸臣 간신,闵奎东,DirectBy
无心法师,林玉芬,DirectBy
无心法师,高林豹,DirectBy
茜茜公主 Sissi,恩斯特·马里施卡,DirectBy
女朋友○男朋友,杨雅喆,DirectBy
名姝 第一季 Harlots Season 1,科奇·吉尔佐,DirectBy
名姝 第一季 Harlots Season 1,琪娜·木杨,DirectBy
午夜巴塞罗那 Vicky Cristina Barcelona,伍迪·艾伦,DirectBy
"杀了我治愈我 킬미, 힐미",金镇满,DirectBy
"杀了我治愈我 킬미, 힐미",金大镇,DirectBy
我的英雄学院 第2季 僕のヒーローアカデミア 第2期,长崎健司,DirectBy
赛德克·巴莱(下)：彩虹桥 賽德克·巴萊(下)彩虹橋,魏德圣,DirectBy
词典 말모이,严宥娜,DirectBy
羞耻 第二季 Skam Sesong 2,尤莉娅·安德姆,DirectBy
理发师陶德 Sweeney Todd: The Demon Barber of Fleet Street,蒂姆·波顿,DirectBy
云中行走 The Walk,罗伯特·泽米吉斯,DirectBy
利兹与青鸟 リズと青い鳥,山田尚子,DirectBy
玛丽女王 Mary Queen of Scots,乔西·洛克,DirectBy
白鹿原,刘进,DirectBy
喜马拉亚星,韦家辉,DirectBy
单身男子 A Single Man,汤姆·福特,DirectBy
雄狮 Lion,加斯·戴维斯,DirectBy
天坑鹰猎,成志超,DirectBy
天坑鹰猎,戴小哲,DirectBy
天坑鹰猎,田少波,DirectBy
一起同过窗 第一季,毕鑫业,DirectBy
嫌疑人X的献身 용의자X,方银振,DirectBy
不可思异,孙周,DirectBy
飞越老人院,张杨,DirectBy
菲利普船长 Captain Phillips,保罗·格林格拉斯,DirectBy
机械师 The Machinist,布拉德·安德森,DirectBy
天使之城 City of Angels,布拉德·塞伯宁,DirectBy
边境杀手2：边境战士 Sicario: Day of the Soldado,斯特法诺·索利马,DirectBy
挪威的森林 ノルウェイの森,陈英雄,DirectBy
为了N Nのために,冢原亚由子,DirectBy
为了N Nのために,山本刚义,DirectBy
为了N Nのために,阿南昭宏,DirectBy
雍正王朝,胡玫,DirectBy
天才捕手 Genius,迈克尔·格兰达吉,DirectBy
天真派：武林外传,潘礼平,DirectBy
天真派：武林外传,邹江,DirectBy
天真派：武林外传,尹俊欢,DirectBy
闯关东,张新建,DirectBy
闯关东,孔笙,DirectBy
红雀 Red Sparrow,弗朗西斯·劳伦斯,DirectBy
幕后之王,李骏,DirectBy
叶问：终极一战 葉問：終極一戰,邱礼涛,DirectBy
那年花开月正圆,丁黑,DirectBy
死于明日 Die Tomorrow,纳瓦彭·坦荣瓜塔纳利,DirectBy
京城81号2 京城81号Ⅱ,钱人豪,DirectBy
天衣无缝,李路,DirectBy
公民凯恩 Citizen Kane,奥逊·威尔斯,DirectBy
我是你妈,张骁,DirectBy
千里走单骑,张艺谋,DirectBy
人间中毒 인간중독,金大佑,DirectBy
巴霍巴利王2：终结 Baahubali 2: The Conclusion,S·S·拉贾穆里,DirectBy
奎迪 Creed,瑞恩·库格勒,DirectBy
胜者即是正义 2014SP リーガルハイ・スペシャル,石川淳一,DirectBy
云的彼端，约定的地方 雲のむこう、約束の場所,新海诚,DirectBy
我和厄尔以及将死的女孩 Me and Earl and the Dying Girl,阿方索·戈麦斯-雷洪,DirectBy
王牌对王牌 The Negotiator,F·加里·格雷,DirectBy
我叫金三顺 내 이름은 김삼순,金尹哲,DirectBy
遇见你真好,顾长卫,DirectBy
三毛流浪记,赵明,DirectBy
三毛流浪记,严恭,DirectBy
将夜,杨阳,DirectBy
英雄本色2018,丁晟,DirectBy
绝命毒师  第三季 Breaking Bad Season 3,布莱恩·科兰斯顿,DirectBy
绝命毒师  第三季 Breaking Bad Season 3,亚当·伯恩斯坦,DirectBy
绝命毒师  第三季 Breaking Bad Season 3,米歇尔·麦克拉伦,DirectBy
绝命毒师  第三季 Breaking Bad Season 3,斯科特·怀南特,DirectBy
绝命毒师  第三季 Breaking Bad Season 3,乔韩·瑞克,DirectBy
绝命毒师  第三季 Breaking Bad Season 3,约翰·施班,DirectBy
绝命毒师  第三季 Breaking Bad Season 3,科林·巴克西,DirectBy
绝命毒师  第三季 Breaking Bad Season 3,迈克尔·斯劳韦斯,DirectBy
绝命毒师  第三季 Breaking Bad Season 3,莱恩·约翰逊,DirectBy
绝命毒师  第三季 Breaking Bad Season 3,文斯·吉里根,DirectBy
闯入者,王小帅,DirectBy
美国众神 第二季 American Gods Season 2,克里斯·拜恩,DirectBy
雇佣人生 El Empleo,SantiagoGrasso,DirectBy
耀眼 눈이 부시게,金锡允,DirectBy
美国骗局 American Hustle,大卫·O·拉塞尔,DirectBy
饭局也疯狂,尚敬,DirectBy
泄密者 洩密者們,邱礼涛,DirectBy
时时刻刻 The Hours,史蒂芬·戴德利,DirectBy
约定的梦幻岛 約束のネバーランド,神户守,DirectBy
你的婚礼 너의 결혼식,李锡根,DirectBy
茶馆,谢添,DirectBy
绝命毒师  第二季 Breaking Bad Season 2,亚当·伯恩斯坦,DirectBy
绝命毒师  第二季 Breaking Bad Season 2,米歇尔·麦克拉伦,DirectBy
绝命毒师  第二季 Breaking Bad Season 2,布莱恩·科兰斯顿,DirectBy
绝命毒师  第二季 Breaking Bad Season 2,查尔斯·海德,DirectBy
绝命毒师  第二季 Breaking Bad Season 2,泰瑞·麦克多诺,DirectBy
绝命毒师  第二季 Breaking Bad Season 2,约翰·达尔,DirectBy
绝命毒师  第二季 Breaking Bad Season 2,乔韩·瑞克,DirectBy
绝命毒师  第二季 Breaking Bad Season 2,彼得·梅达克,DirectBy
绝命毒师  第二季 Breaking Bad Season 2,费利克斯·恩里克斯·阿尔科拉,DirectBy
绝命毒师  第二季 Breaking Bad Season 2,菲尔·亚伯拉罕,DirectBy
绝命毒师  第二季 Breaking Bad Season 2,科林·巴克西,DirectBy
蛋炒饭,陈宇,DirectBy
乌云背后的幸福线 Silver Linings Playbook,大卫·O·拉塞尔,DirectBy
漂亮男孩 Beautiful Boy,菲力斯·范·古宁根,DirectBy
祈祷落幕时 祈りの幕が下りる時,福泽克雄,DirectBy
鹿鼎记 鹿鼎記,李添胜,DirectBy
一本漫画闯天涯 一本漫畫闖天涯,梁家仁,DirectBy
本回家了 Ben is Back,彼得·赫奇斯,DirectBy
大小谎言 第一季 Big Little Lies Season 1,让-马克·瓦雷,DirectBy
蜂鸟特攻 Hummingbird,斯蒂文·奈特,DirectBy
立春,顾长卫,DirectBy
会计刺客 The Accountant,加文·欧康诺,DirectBy
巨额来电,彭顺,DirectBy
大独裁者 The Great Dictator,查理·卓别林,DirectBy
碧海蓝天 Le grand bleu,吕克·贝松,DirectBy
秋菊打官司,张艺谋,DirectBy
梅兰芳,陈凯歌,DirectBy
红河谷,冯小宁,DirectBy
华丽上班族 華麗上班族,杜琪峰,DirectBy
蓝色茉莉 Blue Jasmine,伍迪·艾伦,DirectBy
柯莱特 Colette,沃什·韦斯特摩兰,DirectBy
"喜欢，轻吻，快跑 Plaire, aimer et courir vite",克里斯托夫·奥诺雷,DirectBy
星愿 星願,马楚成,DirectBy
搞笑一家人 거침없이 하이킥!,金秉旭,DirectBy
搞笑一家人 거침없이 하이킥!,金英基,DirectBy
夏目友人帐 第二季 続 夏目友人帳,大森贵弘,DirectBy
间谍同盟 Allied,罗伯特·泽米吉斯,DirectBy
陈翔六点半之铁头无敌,陈翔,DirectBy
一吻定情2 イタズラなKiss2～Love in TOKYO,小中和哉,DirectBy
一吻定情2 イタズラなKiss2～Love in TOKYO,二宮崇,DirectBy
大宋提刑官,阚卫平,DirectBy
苏乞儿 蘇乞兒,袁和平,DirectBy
使女的故事 第一季 The Handmaid's Tale Season 1,瑞德·穆拉诺,DirectBy
使女的故事 第一季 The Handmaid's Tale Season 1,麦克·巴克,DirectBy
使女的故事 第一季 The Handmaid's Tale Season 1,凯特·丹尼斯,DirectBy
使女的故事 第一季 The Handmaid's Tale Season 1,弗洛莉娅·塞吉斯蒙迪,DirectBy
使女的故事 第一季 The Handmaid's Tale Season 1,卡莉·斯考格兰德,DirectBy
点球成金 Moneyball,贝尼特·米勒,DirectBy
十七岁的单车,王小帅,DirectBy
魔鬼代言人 The Devil's Advocate,泰勒·海克福德,DirectBy
五亿探长雷洛传1：雷老虎 五億探長雷洛傳：雷老虎,刘国昌,DirectBy
人类之子 Children of Men,阿方索·卡隆,DirectBy
万有引力,赵天宇,DirectBy
空军一号 Air Force One,沃尔夫冈·彼德森,DirectBy
私人战争 A Private War,马修·海涅曼,DirectBy
请回答1997 응답하라1997,申源浩,DirectBy
迷雾 미스티,毛完日,DirectBy
盗火线 Heat,迈克尔·曼,DirectBy
